names,prices,location,brand,model,year,status,odo,origin,style,transmission,engine,exterior_color,interior_color,seats,doors,drive,description
Mitsubishi Xpander 1.5 AT - 2020,435 Triệu,Hà Nội,"Mitsubishi
Loading...",Xpander,2020,Xe đã dùng,"73,000 Km",Nhập khẩu,SUV,Số tự động,Xăng  1.5 L,Trắng,Nâu,7 chỗ,5 cửa,FWD - Dẫn động cầu trước,xpa 7 chỗ cuối 2020 giá 4x nhỏ ti đẹp long lanh nhập khẩu xe thật mới phun xe 1 chủ lốp mới gđ đi giữ zim rứt mới zialo
Mercedes Benz GLC 300 4Matic - 2023,2 Tỷ 378 Triệu,TP HCM,"Mercedes Benz
Loading...",GLC,2023,Xe đã dùng,"9,000 Km",Lắp ráp trong nước,SUV,Số tự động,Xăng  2.0 L,Đen,Nâu,5 chỗ,5 cửa,AWD - 4 bánh toàn thời gian,"Mercedes GLC300 4Matic V1 siêu lướt 9.000km cực đẹp.
- Màu đen nội thất nâu.
- Siêu lướt 9.000km như xe thùng.
- Bản update V1 có Head-up Display (HUD) hiển thị tốc độ, hướng dẫn chỉ đường và cảnh báo an toàn trực tiếp trên kính lái.
Định Giá - Mua Bán - Trao đổi tất cả các dòng xe."
BMW 3 Series 330i M Sport - 2024,1 Tỷ 778 Triệu,TP HCM,"BMW
Loading...",3 Series,2024,Xe đã dùng,"23,456 Km",Lắp ráp trong nước,Sedan,Số tự động,Xăng  2.0 L,Xám,Đen,5 chỗ,4 cửa,RFD - Dẫn động cầu sau,"BMW_330i_MSport_LCI Sản xuất 2024. Odo 23.456 km ( Chất xe siêu đẹp )

 Màu Xám / nội thất Đen
 Lên đồ chơi 100tr: Pô Red, camera 360 chính hãng.
 Trang bị: Đèn Laserlight, mâm 18 inch, ghế da Alcantara kết hợp Senstec cao cấp, ốp nhôm thể thao, màn hình cảm ứng 10.25 inch, 16 loa Harman Kardon, Apple CarPlay/Android Auto không dây, cửa sổ trời, kín cách âm 2 lớp, HUD, camera 360,...

 Bảo hành chính hãng không giới hạn km ,Bao test hãng Toàn Quốc.
 Tặng ngay gói chăm sóc xe và phủ Ceramic cao cấp .
 CAM KẾT : xe không đâm đụng, không ngập nước, km chuẩn.
 Ngân hàng hỗ trợ 70% _90% .

Phát Đạt Luxury Car
Địa chỉ: Số 1 Đường Số 13, KDC Phú Mỹ, P. Tân Mỹ (P. Phú Mỹ cũ), Q.7, Tp.HCM."
Toyota Previa GL 2.4 AT - 2010,580 Triệu,TP HCM,"Toyota
Loading...",Previa,2010,Xe đã dùng,"90,000 Km",Nhập khẩu,Van/Minivan,Số tự động,Xăng  2.4 L,Cát,Kem,7 chỗ,5 cửa,FWD - Dẫn động cầu trước,"Toyota previa 2010. Hàng nhập. Hàng sưu tầm rất hiếm trên thị trường. Sản xuất đến 2020 không còn sx nữa. Từ 2009 đến 2020 giống nhau không khác một chút nào. Bởi vậy xe nó rất còn giá trị. Fulloption gồm: Nệm da, 2 sunroof. 3 cửa điện, Mâm đúc, Rửa đèn, Chìa khóa thông minh, Camera de 360%. Xe nhà trùm mền ít sử dụng nên còn rất mới. Toàn bộ còn zin theo xe. Xem thích ngay."
Kia Rio 1.4 AT - 2016,330 Triệu,Hà Nội,"Kia
Loading...",Rio,2016,Xe đã dùng,"50,000 Km",Nhập khẩu,Sedan,Số tự động,Xăng  1.4 L,Đỏ,Kem,5 chỗ,4 cửa,FWD - Dẫn động cầu trước,"Kia Rio 2016 odo 5v km 
Xe trang bị: Hệ thống giải trí trên xe gồm màn hình trung tâm 8 inch, đầu DVD, hệ thống âm thanh 6 loa và kết nối AUX, USB, iPod, Bluetooth, điều hòa chỉnh tay làm mát nhanh chóng.
Các trang bị an toàn trên xe có thể kể đến 2 túi khí, camera lùi, điều khiển hành trình, hệ thống bó cứng phanh, hệ thống phân phối lực phanh điện tử, khóa cửa trung tâm và khóa cửa từ xa.

- Xe cam kết không đâm đụng, không ngập nước, bao check hãng toàn quốc.
- Hỗ trợ sang tên đổi chủ, thủ tục giấy tờ pháp lý rõ ràng.
- Chế độ bảo hành hậu mãi, chăm sóc xe miễn phí sau khi mua xe

Liên hệ để biết thêm thông tin xe"
Ford Everest 2.5L 4x2 MT - 2010,240 Triệu,TP HCM,"Ford
Loading...",Everest,2010,Xe đã dùng,"180,000 Km",Lắp ráp trong nước,SUV,Số tay,Dầu  2.5 L,Đen,Kem,7 chỗ,5 cửa,RFD - Dẫn động cầu sau,"FORD EVEREST 20010, MÁY DẦU, SỐ SÀN, 
Xe đẹp, ko tai nạn, ngập nước...
Máy móc êm ái..
Nội thất còn rất đẹp, gầm đẹp, thân vỏ chắc chắn không mục mọt 
Bao rút hồ sơ 
Liên hệ để biết thêm thông tin chi tiết và có giá tốt nhất"
Mercedes Benz C class C300 AMG - 2022,1 Tỷ 679 Triệu,TP HCM,"Mercedes Benz
Loading...",C class,2022,Xe đã dùng,"41,000 Km",Nhập khẩu,Sedan,Số tự động,Xăng  2.0 L,Đen,Đen,5 chỗ,4 cửa,RFD - Dẫn động cầu sau,"#Mercedes_C300_AMG All New sản xuất 2022 nhập Đức lăn bánh chỉ 41.000 km. 

Bảo dưỡng full hãng , không một lỗi nhỏ , chỉ có 132 chiếc lăn bánh tại Việt Nam."
Lexus RX 350L - 2019,3 Tỷ 80 Triệu,TP HCM,"Lexus
Loading...",RX,2019,Xe đã dùng,"58,154 Km",Nhập khẩu,SUV,Số tự động,Xăng  3.5 L,Trắng,Nâu,7 chỗ,5 cửa,AWD - 4 bánh toàn thời gian,"Lexus RX350L phiên bản 7 chỗ, sản xuất năm 2019, nhập khẩu từ Nhật Bản một chủ mua mới từ đầu.
 Xe sử dụng động cơ xăng V6 3.5L, công suất 290 mã lực, kết hợp hộp số tự động 8 cấp, mang đến khả năng vận hành êm ái, ổn định và tiết kiệm nhiên liệu.
Ngoại thất nổi bật với lưới tản nhiệt con suốt mạ chrome đặc trưng, đèn pha LED sắc sảo tích hợp dải LED ban ngày, mâm hợp kim đa chấu 20 inch, cửa sổ trời và cốp điện thông minh.
Khoang nội thất được hoàn thiện bằng da cao cấp và ốp gỗ tinh tế. Cấu hình 7 chỗ ngồi linh hoạt, ghế trước chỉnh điện đa hướng có sưởi, làm mát và nhớ vị trí. Hàng ghế thứ ba gập điện giúp mở rộng khoang hành lý. Xe có điều hòa tự động 3 vùng, rèm che nắng và hệ thống âm thanh Mark Levinson 15 loa, công suất 835 watt, mang lại trải nghiệm âm nhạc sống động.

Về công nghệ, RX350L 2019 sở hữu gói an toàn Lexus Safety System+ với phanh tự động khẩn cấp, cảnh báo lệch làn, hỗ trợ giữ làn, kiểm soát hành trình chủ động bằng radar và đèn pha tự động thích ứng. xe còn có camera 360 độ, cảm biến quanh xe…."
Mazda CX5 Premium Sport 2.0 AT - 2025,830 Triệu,Hà Nội,"Mazda
Loading...",CX5,2025,Xe đã dùng,"10,000 Km",Lắp ráp trong nước,SUV,Số tự động,Xăng  2.0 L,Xanh,Đen,5 chỗ,5 cửa,FWD - Dẫn động cầu trước,"Bán xe Mazda Cx5 2025 2.0 premium phiên bản sport, tên tư nhân sử dụng từ mới xe đi 1 vạn km. Xe được trang bị nhiều tiện ích như:
- Động cơ 2.0 mạnh mẽ - Hệ thống ABS, túi khí - Gương kính chỉnh điện, hub kính, cảnh báo lệch làn - Chìa khóa điện, điều hoà tự động - Màn hình dvd kết hợp camera lùi
Xe đi 1 vạn km, bảo dưỡng và sử dụng kỹ nên chất lượng nên xe còn rất mới đến 90%, cam kết xe ko đâm va, ko ngập nước, hỗ trợ vay trả góp 75% giá trị xe, lãi suất ưu đãi. Sang tên chỉ mất 2% thuế
để biết thêm thông tin và liên hệ xem xe trực tiếp xin gọi theo sdt xin cảm ơn!"
Mazda 3 1.5L Sport Premium - 2022,579 Triệu,TP HCM,"Mazda
Loading...",3,2022,Xe đã dùng,"36,000 Km",Lắp ráp trong nước,Hatchback,Số tự động,Xăng  1.5 L,Đỏ,Đen,5 chỗ,5 cửa,FWD - Dẫn động cầu trước,"Mazda 3 Sport 1.5 Premium Fulloption

- sx 2022. (36 ngìnklm - đẹp lenken )

- Ko lõi nhỏ , bảo dưỡng full hãng .( bao tes toàn quốc

 tr -Quý Khách xem có bớt ạ

 AE-Quý Khách quan tâm lh e :

 Mua bán-trao đổi -giao lưu: vbình . Xin cảm ơn."
Hyundai Custin Cao Cấp 2.0T - 2023,830 Triệu,Hà Nội,"Hyundai
Loading...",Custin,2023,Xe đã dùng,"29,000 Km",Lắp ráp trong nước,Van/Minivan,Số tự động,Xăng  2.0 L,Trắng,Đen,7 chỗ,5 cửa,FWD - Dẫn động cầu trước,"️ ️ ️Huyndai Custin 2.0T Cao cấp sx 2023
Odo 2v9 zin . 1 chủ từ mới. Full ls hãng
 bản 7 ghế ngồi thương gia 
✓ Luôn cam kết xe đẹp - chất lượng
✓ Bao check test mọi nơi
 Hỗ trợ bank 70%"
Toyota Wigo 1.2G AT - 2019,268 Triệu,Hà Nội,"Toyota
Loading...",Wigo,2019,Xe đã dùng,"87,000 Km",Nhập khẩu,Hatchback,Số tự động,Xăng  1.2 L,Đỏ,Đen,5 chỗ,5 cửa,FWD - Dẫn động cầu trước,"Chiếc xe hạng A cực lành, bền và tiết kiệm. Đúng chuẩn thương hiệu Toyota. 
✓ Toyota Wigo 1.2G AT sản xuất 2019, nhập khẩu nguyên chiếc Indonesia. Odo: 87,000 KM 
✓ Cam kết: KHÔNG THUỶ KÍCH NGẬP NƯỚC - KHÔNG TU BỔ ĐỘNG CƠ. Keo chỉ zin 
✓ Xe đã lên: Cặp pha Bi LED, ghế bọc da, màn hình Android OLED, Camera hành trình 70mai, Camera lùi…
Một chiếc xe rất phù hợp với các bác đang cần phương tiện đi lại nhỏ gọn, uống xăng như ngửi và che mưa che nắng."
Toyota Corolla altis 1.8G AT - 2009,289 Triệu,Hà Nội,"Toyota
Loading...",Corolla altis,2009,Xe đã dùng,"120,000 Km",Lắp ráp trong nước,Sedan,Số tự động,Xăng  1.8 L,Bạc,Kem,5 chỗ,4 cửa,FWD - Dẫn động cầu trước,Xe không đâm va tai nạn không ngập nước 1 chủ mua mới từ đầu zin hết siêu đẹp
Hyundai i10 Grand 1.2 AT - 2018,285 Triệu,Hà Nội,"Hyundai
Loading...",i10,2018,Xe đã dùng,"95,000 Km",Lắp ráp trong nước,Sedan,Số tự động,Xăng  1.2 L,Nâu,Nhiều màu,5 chỗ,4 cửa,FWD - Dẫn động cầu trước,xe đẹp không nổi tên tư nhân keo chỉ nguyên máy zin gầm bệ chắc giá trên có thương lượng
Toyota Alphard HEV 2.5 AT - 2024,4 Tỷ 879 Triệu,Hà Nội,"Toyota
Loading...",Alphard,2024,Xe đã dùng,"10,000 Km",Nhập khẩu,Van/Minivan,Số tự động,Hybrid  2.5 L,Đen,Kem,7 chỗ,5 cửa,FWD - Dẫn động cầu trước,"Chuyên cơ mặt đất Toyota Alphard HEV 2024 sẵn sàng giao ngay phục vụ các chủ tịch đi Tết 
▪️ Xe sản xuất 2024 
▪️ Màu đen nội thất kem 
▪️ Lăn bánh 10.000 km 
▪️ Option miên man: Ghế thương gia massage, sưởi làm mát, màn hình tv, rèm điện, cửa sổ trời bán phần….
✓ Xe cam kết không đâm đụng ngập nước
✓ Hỗ trợ trả góp thủ tục đơn giản"
Mercedes Benz GLC 200 4Matic - 2022,1 Tỷ 459 Triệu,TP HCM,"Mercedes Benz
Loading...",GLC,2022,Xe đã dùng,"34,000 Km",Lắp ráp trong nước,SUV,Số tự động,Xăng  2.0 L,Đỏ,Đen,5 chỗ,5 cửa,AWD - 4 bánh toàn thời gian,"MERCEDES-BENZ GLC 200 4MATIC V1 2022
✓ Sản xuất và đăng ký năm 2022.
✓ Ngoại thất Đỏ( Wrap Trắng)/ nội thất Đen.
✓ Odo 34.000 Km.

⚙️ Option nổi bật:
 Hệ thống giải trí MBUX với màn hình cảm ứng 10.25 inch, kết nối Bluetooth, và chức năng điều khiển bằng giọng nói LINGUATRONIC chỉ bằng một câu lệnh.
 Hệ thống âm thanh vòm Burmester® với 13 loa, công suất tối đa 590W cùng chức năng kết nối Apple Carplay® và Android Auto mang lại trải nghiệm âm thanh đỉnh cao.
 Hệ thống khóa xe thông minh, khóa cửa điều khiển từ xa, mã hóa động cơ chống trộm, khởi động bằng nút bấm KEYLESS-GO.
 Đồng hồ hiển thị nhiệt độ ngoài trời, tấm che khoang hành lý phía sau, chức năng đóng mở cửa sau bằng điện EASY-PACK, chức năng HANDS-FREE ACCESS.
 Ghế chỉnh điện và nhớ ghế, chức năng ECO start/stop, cần số, lẫy chuyển số, cụm chuyển đổi DYNAMIC SELECT.
 Gương chiếu hậu chống chói tự động; gương chiếu hậu bên ngoài chinh & gập điện.
 Cụm đèn trước LED toàn phần (Full-LED) thiết kế mới, tích hợp đèn LED chiếu sáng ban ngày.

⚙️ Trang bị đầy đủ hệ thống an toàn tiện nghi hàng đầu:
 Hệ thống lái Direct-Steer trợ lực điện với trợ lực & ti số truyền lái biến thiên theo tốc độ.
 Các túi khí phía trước, bên hông, cửa sổ và bảo vệ đầu gối người lái đảm bảo an toàn tối đa cho tất cả hành khách.
 Dây đai an toàn 3 điểm cho tất cả các ghế với bộ căng đai khẩn cấp & giới hạn lực siết.
 Hệ thống treo thích ứng AGILITY CONTROL.
 Tín hiệu âm thanh khi khóa cửa.
 Đèn phanh Adaptive nhắp nháy khi phanh gấp.
 Hệ thống phanh ADAPTIVE với chức năng hỗ trợ dừng xe (HOLD) và hỗ trợ khởi hành ngang đốc (Hill-Start Assist).
 Hệ thống chống bó cứng phanh ABS; Hỗ trợ lực phanh khẩn cấp BAS; Chống trượt khi tăng tốc ASR; Ổn định thân xe điện tử ESP.
 Chức năng cảnh báo mắt tập trung ATTENTION ASSIST.
 Các tính năng hỗ trợ lái xe.
 Active Brake Assist: Hỗ trợ phanh khẩn cấp.
 Cảnh báo khi có phương tiện trong điểm mù.
 Giúp giữ xe trong làn đường.
 Hệ thống giám sát camera 360."
Peugeot 3008 1.6 AT - 2019,538 Triệu,Hà Nội,"Peugeot
Loading...",3008,2019,Xe đã dùng,"91,000 Km",Lắp ráp trong nước,Crossover,Số tự động,Xăng  1.6 L,Xanh,Đen,5 chỗ,5 cửa,FWD - Dẫn động cầu trước,"Oto đại phát đang bán chiếc Peugeut 3008 sản xuất 2019 đăng ký 2020 phiên bản faylip full otion . Xe được trang bị cửa sổ trời toàn cảnh padaroma đề statstop và rất nhiều các tính năng khc , đúng nghĩa của chiếc xe mang phong cách hiện đại (bầu trời công nghệ)hỗ trợ vay vốn lên đến 70/% phù hợp với người đang tìm mầu này"
Mercedes Benz GLC 300 4Matic - 2018,1 Tỷ 29 Triệu,Hà Nội,"Mercedes Benz
Loading...",GLC,2018,Xe đã dùng,"50,000 Km",Lắp ráp trong nước,SUV,Số tự động,Xăng  2.0 L,Đen,Kem,5 chỗ,5 cửa,AWD - 4 bánh toàn thời gian,"AUTO31 
Hàng Vừa Về 
GLC300 Sản Xuất 2018 
Màu đen/nội thất kem 
Xe đi : 5 vạn km Cực mới 

 Đ/C : 33 đường Nguyễn văn cừ - phường Bồ đề - Hà Nội"
Hyundai SantaFe Cao cấp 2.5L HTRAC - 2021,980 Triệu,Hà Nội,"Hyundai
Loading...",SantaFe,2021,Xe đã dùng,"45,000 Km",Lắp ráp trong nước,SUV,Số tự động,Xăng  2.5 L,Xanh,Nâu,7 chỗ,5 cửa,AWD - 4 bánh toàn thời gian,"Hyundai Santafe 2.5 máy xăng bản Premium sản xuất 2021 phom mới số điện cá nhân 1 chủ mua mới Odo 4,5 vạn Km. Xe bảo dưỡng thay dầu đầy đủ tại hãng.
- Hyundai Santafe 2.5 máy xăng Premium mang nhiều điểm nổi bật :
• Thiết kế: Santa Fe 2021 phom mới có thiết kế mới, hiện đại và rộng rãi hàng ghế thứ 3 khá tiện cho gia đình.
• Không gian: Với 3 hàng ghế, phù hợp cho 7 người (hoặc 5 người + hành lý khi gập hàng thứ 3).
• Trang bị an toàn & tiện nghi: Bản Premium có nhiều tiện nghi hơn, như ghế da, chỉnh điện, công nghệ an toàn bổ sung.
• Tính đa dụng: Là SUV 7 chỗ, phù hợp cả di chuyển trong thành phố và đi đường dài.
- Chất xe bao đẹp, máy số, khung gầm, keo chỉ zin
- Bao check test, cam kết chất lượng bằng văn bản
- Hỗ trợ bank tới 70% giá trị xe
* Tuấn Hưng Auto cam kết chất lượng xe chuẩn, không đâm đụng tai nạn, không ngập nước, máy móc động cơ khung gầm nguyên bản, pháp lý rõ ràng: không tranh chấp, không có phạt nguội…
* Tuấn Hưng Auto nhận trao đổi, mua bán các dòng xe đã qua sử dụng"
Mercedes Benz E class E200 Exclusive - 2022,1 Tỷ 579 Triệu,Hà Nội,"Mercedes Benz
Loading...",E class,2022,Xe đã dùng,"40,000 Km",Lắp ráp trong nước,Sedan,Số tự động,Xăng  2.0 L,Đen,Nâu,5 chỗ,4 cửa,RFD - Dẫn động cầu sau,"Mercedes E 200 exclusive V1 sx 2022 đen/nt nâu với nhiều option có tiền k mua đc
- Odo 4vạn km full lịch sử hãng
- Thông tin xe
• Mercedes E200 Exclusive V1 – Sản xuất 2022
• Ngoại thất Đen lịch lãm
• Nội thất da cao cấp kết hợp ốp gỗ sang trọng
• Odo: 10.000 km – xe đi cực ít, gần như mới

Option nổi bật
• Hệ thống 2 màn hình kép dài đặc trưng của Mercedes
• Đèn LED High Performance hiện đại
• Ghế da chỉnh điện, nhớ vị trí
• Ốp gỗ nội thất cao cấp sang trọng
• Âm thanh Burmester cao cấp
• Điều hòa tự động đa vùng
• Camera 360 + cảm biến quanh xe + Cảnh báo điểm mù
• Vô lăng đa chức năng bọc da"
Mazda CX5 Premium Sport 2.0 AT - 2025,830 Triệu,Hà Nội,"Mazda
Loading...",CX5,2025,Xe đã dùng,"10,000 Km",Lắp ráp trong nước,SUV,Số tự động,Xăng  2.0 L,Xanh,Đen,5 chỗ,5 cửa,FWD - Dẫn động cầu trước,"Bán xe Mazda Cx5 2025 2.0 premium phiên bản sport, tên tư nhân sử dụng từ mới xe đi 1 vạn km. Xe được trang bị nhiều tiện ích như:
- Động cơ 2.0 mạnh mẽ - Hệ thống ABS, túi khí - Gương kính chỉnh điện, hub kính, cảnh báo lệch làn - Chìa khóa điện, điều hoà tự động - Màn hình dvd kết hợp camera lùi
Xe đi 1 vạn km, bảo dưỡng và sử dụng kỹ nên chất lượng nên xe còn rất mới đến 90%, cam kết xe ko đâm va, ko ngập nước, hỗ trợ vay trả góp 75% giá trị xe, lãi suất ưu đãi. Sang tên chỉ mất 2% thuế
để biết thêm thông tin và liên hệ xem xe trực tiếp xin gọi theo sdt xin cảm ơn!"
Mazda 3 1.5L Sport Premium - 2022,579 Triệu,TP HCM,"Mazda
Loading...",3,2022,Xe đã dùng,"36,000 Km",Lắp ráp trong nước,Hatchback,Số tự động,Xăng  1.5 L,Đỏ,Đen,5 chỗ,5 cửa,FWD - Dẫn động cầu trước,"Mazda 3 Sport 1.5 Premium Fulloption

- sx 2022. (36 ngìnklm - đẹp lenken )

- Ko lõi nhỏ , bảo dưỡng full hãng .( bao tes toàn quốc

 tr -Quý Khách xem có bớt ạ

 AE-Quý Khách quan tâm lh e :

 Mua bán-trao đổi -giao lưu: vbình . Xin cảm ơn."
Mercedes Benz C class C250 Exclusive - 2015,560 Triệu,Hà Nội,"Mercedes Benz
Loading...",C class,2015,Xe đã dùng,"80,000 Km",Lắp ráp trong nước,Sedan,Số tự động,Xăng  2.0 L,Đen,Kem,5 chỗ,4 cửa,RFD - Dẫn động cầu sau,"Mercedes C250 Exclusive sản xuất và đăng ký 2105, tư nhân HN hồ sơ cầm tay sẵn sang tên, odo 8 vạn zin, đen nội thất kem, đã update mâm AMG, bao check test toàn quốc, khuyến khích mua bán kiểm tra xe cùng bên thứ 3, hỗ trợ bank tối đa giá trị xe"
Lexus LX 570 - 2010,1 Tỷ 650 Triệu,Hà Nội,"Lexus
Loading...",LX,2010,Xe đã dùng,"193,000 Km",Nhập khẩu,SUV,Số tự động,Xăng  5.7 L,Trắng,Kem,7 chỗ,5 cửa,AWD - 4 bánh toàn thời gian,"Hàng HOT cập bến 

 Xe chính chủ mua từ mới đky biển Hà Nội 2011 chạy 120.000miles
 Xe không đâm đụng ngập nước, xe được chăm sóc kỹ lưỡng , pháp lý chuẩn"
Jaguar XF 2.0 AT - 2013,520 Triệu,Hà Nội,"Jaguar
Loading...",XF,2013,Xe đã dùng,0 Km,Nhập khẩu,Sedan,Số tự động,Xăng  2.0 L,Trắng,Kem,5 chỗ,4 cửa,RFD - Dẫn động cầu sau,"Thương Hiệu Đến Từ Anh Quốc Xuất Mỹ
JAGUAR 2.0XF Premium sx 2013

Full option : Máy 2.0L Turbo - 240Hp -251Nm -8AT - RWD. Có 2 Ghế điện nhớ vị trí sưởi ghế, Vô lăng chỉnh điện sưởi , lẫy số vô lăng, Màn hình tích USB, AUX, Bluetooth, DVD, Radio, 11 Loa vòm Meridian cực đỉnh, Cần số điện xoay thụt thò, có MSport, Cửa gió điều hòa tự động đóng mở điện, Ốp vân gỗ quanh xe, Nội thất da cao cấp nguyên bản,Cửa số trời, Phanh tay điện tử, Ga tự động, Giới hạn tốc độ, Đèn tự động HID BiXenon có liếc, Cảnh báo áp suất lốp, Camera lùi có canh khoảng cách đánh lái, Lazang đúc...Hiện trạng xe mới đẹp, xe đang trong tình trạng rất hoàn hảo ! Gầm Máy Số Thân Vỏ Nguyên Bản !"
VinFast VF8 Plus AWD - 2023,659 Triệu,Hà Nội,"VinFast
Loading...",VF8,2023,Xe đã dùng,"46,000 Km",Lắp ráp trong nước,SUV,Số tự động,Điện,Đen,Nâu,5 chỗ,5 cửa,AWD - 4 bánh toàn thời gian,"31 VF8 PLUS ,2 cầu đi 4v1 – GIÁ CỰC NGON NHẤT THỜI ĐIỂM NÀY! 

Giá trên đã kền pin, Full ưu đãi – quà tặng
 VinFast VF8 PLUS (GIÁ MỚI 1.269 TRIỆU) 
 Phiên bản cao cấp nhất, trang bị full option
 Động cơ mạnh 2 cầu– trải nghiệm lái khác biệt
 ️ Nội thất sang trọng – công nghệ an toàn hiện đại
 Tiện nghi cao cấp: giải trí, hỗ trợ lái, tính năng thông minh

 ĐÃ TRỪ TOÀN BỘ ƯU ĐÃI ĐỔI TỪ XE XĂNG SANG XE ĐIỆN
 ĐÃ ÁP DỤNG TOÀN BỘ KHUYẾN MÃI THÁNG NÀY
=>ĐÂY LÀ GIÁ CUỐI CỰC NGON – ĐẸP NHẤT THỊ TRƯỜNG HIỆN TẠI!

KHO CÒN NHIỀU XE KHÁC VỚI GIÁ KHÁC NHAU
CÓ CẢ XE MỚI 100%
 Mua đúng thời điểm – tiết kiệm so với giá niêm yết
 Hàng có sẵn – màu đủ – giao ngay

 Gọi ngay để chốt giá trước khi hết ưu đãi!
Đi VF8 bây giờ: sang – mạnh – tiết kiệm – GIÁ ngon nhất
(Note : Bản eco lazang 19 ',nội thất đen,không có cửa sổ trời- giá rẻ hơn)"
Toyota Vios E CVT - 2026,425 Triệu,Hà Nội,"Toyota
Loading...",Vios,2026,Xe mới,,Lắp ráp trong nước,Sedan,Số tự động,Xăng  1.5 L,Trắng,Đen,5 chỗ,4 cửa,FWD - Dẫn động cầu trước,"Toyota Vios E CVT 2026 - KHUYẾN MÃI LỚN!
- Xe có sẵn giao ngay - Đủ màu
- Có hỗ trợ trả góp lãi suất ưu đãi, thủ tục nhanh gọn
- Hỗ trợ giao xe tận nhà, thủ tục đăng ký đăng kiểm
- Liên hệ để được mua xe ưu đãi nhất!

Toyota Vios E CVT 2025
- Thiết kế góc cạnh, phía trên đầu xe và hai cạnh bên lồng vào nhau tạo hiệu ứng 3D mạnh mẽ góp phần làm nên tổng thể hài hòa.
- Công nghệ LED dạng bóng chiếu với thiết kế bắt mắt cho khả năng chiếu sáng tuyệt vời và giảm tiêu thụ năng lượng."
Mercedes Benz GLC 250 4Matic - 2018,999 Triệu,Hà Nội,"Mercedes Benz
Loading...",GLC,2018,Xe đã dùng,"80,000 Km",Lắp ráp trong nước,SUV,Số tự động,Xăng  2.0 L,Trắng,Đen,5 chỗ,5 cửa,AWD - 4 bánh toàn thời gian,"Mercedes GLC250 2018 model 2019 siêu đẹp , tư nhân chính chủ , odo 8v km cực mới , options miên man: 
 hộp số 9 cấp , kính 3 lớp , vành đa chấu, apple carplay,..."
Mazda 3 1.5L Luxury - 2024,619 Triệu,Hà Nội,"Mazda
Loading...",3,2024,Xe đã dùng,"11,000 Km",Lắp ráp trong nước,Sedan,Số tự động,Xăng  1.5 L,Xanh,Đen,5 chỗ,4 cửa,FWD - Dẫn động cầu trước,"Tứ Quý Auto hiện đang bán xe Mazda 3 Sedan 1.5 Luxury 2024, xanh đen. Xe đăng kí tên tư nhân chính chủ - Cực Đẹp - ODO zin 11.000 Km.
Xe trang bị gồm: Start/Stop, màn hình, camera lùi, cảm biến, vô lăng tích hợp, điều hòa tự động, túi khí, gương gập điện, ghế điện, phanh tay điện tử, Bluetooth, USB/Ipod, CD/Radio, ABS, EBD,...cùng nhiều tiện ích khác.
Cam kết với khách hàng bằng văn bản khi mua xe tại Tứ Quý:
- Cam kết xe nguyên bản không đâm đụng, ngập nước
- Nhiều chế độ bảo hành và hậu mãi
- Hỗ trợ mọi thủ tục vay vốn, sang tên, lãi suất ưu đãi
Uy tín là sự sống còn của chúng tôi !"
VinFast VF8 Eco AWD - 2023,565 Triệu,Hà Nội,"VinFast
Loading...",VF8,2023,Xe đã dùng,"35,000 Km",Lắp ráp trong nước,SUV,Số tự động,Điện,Trắng,Đen,5 chỗ,5 cửa,AWD - 4 bánh toàn thời gian,"VF8 GF Eco Đen Pin SDI - Siêu Lướt xe GF
✓ Sản xuất: 2023
✓ Odo: Hơn 3vạn km
✓ Pin SDI – Mua pin
✓ Hỗ trợ thêm 70 triệu nếu đổi xe xăng qua
✓ Giảm chính sách tháng 50 triệu
– Xe chính hãng, chất như mới - Xuất hoá đơn thẳng tên
Giao ngay - Sẵn xe"
Hyundai SantaFe Cao cấp 2.5L HTRAC - 2021,980 Triệu,Hà Nội,"Hyundai
Loading...",SantaFe,2021,Xe đã dùng,"45,000 Km",Lắp ráp trong nước,SUV,Số tự động,Xăng  2.5 L,Xanh,Nâu,7 chỗ,5 cửa,AWD - 4 bánh toàn thời gian,"Hyundai Santafe 2.5 máy xăng bản Premium sản xuất 2021 phom mới số điện cá nhân 1 chủ mua mới Odo 4,5 vạn Km. Xe bảo dưỡng thay dầu đầy đủ tại hãng.
- Hyundai Santafe 2.5 máy xăng Premium mang nhiều điểm nổi bật :
• Thiết kế: Santa Fe 2021 phom mới có thiết kế mới, hiện đại và rộng rãi hàng ghế thứ 3 khá tiện cho gia đình.
• Không gian: Với 3 hàng ghế, phù hợp cho 7 người (hoặc 5 người + hành lý khi gập hàng thứ 3).
• Trang bị an toàn & tiện nghi: Bản Premium có nhiều tiện nghi hơn, như ghế da, chỉnh điện, công nghệ an toàn bổ sung.
• Tính đa dụng: Là SUV 7 chỗ, phù hợp cả di chuyển trong thành phố và đi đường dài.
- Chất xe bao đẹp, máy số, khung gầm, keo chỉ zin
- Bao check test, cam kết chất lượng bằng văn bản
- Hỗ trợ bank tới 70% giá trị xe
* Tuấn Hưng Auto cam kết chất lượng xe chuẩn, không đâm đụng tai nạn, không ngập nước, máy móc động cơ khung gầm nguyên bản, pháp lý rõ ràng: không tranh chấp, không có phạt nguội…
* Tuấn Hưng Auto nhận trao đổi, mua bán các dòng xe đã qua sử dụng"
Mercedes Benz E class E200 Exclusive - 2022,1 Tỷ 579 Triệu,Hà Nội,"Mercedes Benz
Loading...",E class,2022,Xe đã dùng,"40,000 Km",Lắp ráp trong nước,Sedan,Số tự động,Xăng  2.0 L,Đen,Nâu,5 chỗ,4 cửa,RFD - Dẫn động cầu sau,"Mercedes E 200 exclusive V1 sx 2022 đen/nt nâu với nhiều option có tiền k mua đc
- Odo 4vạn km full lịch sử hãng
- Thông tin xe
• Mercedes E200 Exclusive V1 – Sản xuất 2022
• Ngoại thất Đen lịch lãm
• Nội thất da cao cấp kết hợp ốp gỗ sang trọng
• Odo: 10.000 km – xe đi cực ít, gần như mới

Option nổi bật
• Hệ thống 2 màn hình kép dài đặc trưng của Mercedes
• Đèn LED High Performance hiện đại
• Ghế da chỉnh điện, nhớ vị trí
• Ốp gỗ nội thất cao cấp sang trọng
• Âm thanh Burmester cao cấp
• Điều hòa tự động đa vùng
• Camera 360 + cảm biến quanh xe + Cảnh báo điểm mù
• Vô lăng đa chức năng bọc da"
Honda Accord 1.5 AT - 2021,755 Triệu,Hà Nội,"Honda
Loading...",Accord,2021,Xe đã dùng,"60,000 Km",Nhập khẩu,Sedan,Số tự động,Xăng  1.5 L,Trắng,Đen,5 chỗ,4 cửa,FWD - Dẫn động cầu trước,"Honda accord 2021 chạy 6 vạn
- Xe cam kết không đâm đụng, không ngập nước, bao check hãng toàn quốc.			
- Hỗ trợ sang tên đổi chủ, thủ tục giấy tờ pháp lý rõ ràng.			
- Chế độ bảo hành hậu mãi, chăm sóc xe miễn phí sau khi mua xe			

Liên hệ để biết thêm thông tin xe"
Lexus RX 350 Premium - 2024,3 Tỷ 479 Triệu,TP HCM,"Lexus
Loading...",RX,2024,Xe đã dùng,"11,000 Km",Nhập khẩu,SUV,Số tự động,Xăng  2.4 L,Trắng,Nâu,5 chỗ,5 cửa,AWD - 4 bánh toàn thời gian,"Về xe : Lexus RX350 Premium Sx 2024
Màu Trắng nt Nâu
Odo: 11.000 KM
- Động cơ hoàn toàn mới Turbo 2.4 Mạnh mẽ
- Khung gầm GA-K Mới giảm trọng lượng, cứng vững xe vận hành linh hoạt hơn.
- Trục cơ sở kéo dài (60mm) tăng không gian trải nghiệm.
- Thiết kế nội thất Hiện Đại Sang Trọng với Đèn viền nội thất, Vô lăng thể thao, Cần số điện tử, Màn hình giải trí 14 Inch....
- Hệ thống an toàn Lexus System Safe +3
-...
Quý khách vui lòng liên hệ xem xe để biết thêm thông tin chi tiết!"
Toyota Corolla Cross 1.8G - 2021,610 Triệu,Hà Nội,"Toyota
Loading...",Corolla Cross,2021,Xe đã dùng,"150,000 Km",Nhập khẩu,SUV,Số tự động,Xăng  1.8 L,Xám,Đen,5 chỗ,5 cửa,FWD - Dẫn động cầu trước,"xin trân trọng giới thiệu đến quý vị và các bạn chiếc xe:
 Toyota Corolla Cross G
 Năm sản xuất: 2021
 Màu: Xanh xám
 Odo: 15 vạn km
 Đăng ký: cá nhân chính chủ
- Xe đã được kiểm tra 176 hạng mục theo tiêu chuẩn chính hãng, cam kết không tai nạn, không ngập nước, không bổ máy, không phạt nguội
- Bảo hành chính hãng: 2 tháng
 - Hỗ trợ làm thủ tục rút hồ sơ, sang tên đổi chủ
- Hỗ trợ mua xe trả góp lên đến 70% với lãi suất ưu đãi
- Giá còn thương lượng
- Giá bán đặc biệt ưu đãi cho quý 
- Liên hệ: (24/24)"
MG 5 Luxury 1.5 AT - 2022,399 Triệu,TP HCM,"MG
Loading...",5,2022,Xe đã dùng,"35,000 Km",Nhập khẩu,Sedan,Số tự động,Xăng  1.5 L,Vàng,Đen,5 chỗ,4 cửa,FWD - Dẫn động cầu trước,"Về tiếp MG5 Lux nhập Thái
Năm sản xuất : 2022
Odo : 35.000km
Trang bị : đuôi gió, đèn viền nội thất, Việt map"
Toyota Wigo G 1.2 AT - 2024,398 Triệu,Hà Nội,"Toyota
Loading...",Wigo,2024,Xe đã dùng,"36,000 Km",Nhập khẩu,Hatchback,Số tự động,Xăng  1.2 L,Đỏ,Đen,5 chỗ,5 cửa,FWD - Dẫn động cầu trước,"Tứ Quý Auto mới về xe Toyota Wigo 1.2AT 2024, màu đỏ. Xe nhập khẩu Indonesia, đăng kí tên tư nhân chính chủ - ODO zin 36.000 Km!
Xe Full Option: Start/Stop, màn hình, camera lùi, điều hòa tự động, túi khí an toàn, vô lăng tích hợp điều khiển, gương kính điện, phanh ABS, giải trí CD/MP3/AM/FM, kết nối ngoại vi,... cùng nhiều tiện ích khác.
Cam kết với khách hàng bằng văn bản khi mua xe tại Tứ Quý:
- Cam kết xe nguyên bản không đâm đụng, ngập nước
- Nhiều chế độ bảo hành và hậu mãi
- Hỗ trợ mọi thủ tục vay vốn, sang tên,lãi suất ưu đãi
Uy tín là sự sống còn của chúng tôi !"
Kia Seltos Deluxe 1.4 AT - 2020,529 Triệu,Hà Nội,"Kia
Loading...",Seltos,2020,Xe đã dùng,"71,000 Km",Lắp ráp trong nước,Crossover,Số tự động,Xăng  1.4 L,Đỏ,Đen,5 chỗ,5 cửa,FWD - Dẫn động cầu trước,"Tứ Quý Auto hiện đang bán xe Kia Seltos 1.4 Deluxe 2020, Đỏ / Đen. Xe tên tư nhân chính chủ - Đẹp Max Level - ODO 71.000 Km.
Xe trang bị full option: Start/Stop, màn hình, camera lùi, cảm biến, điều hòa, túi khí an toàn, gương kính điện, vô lăng tích hợp điều khiển, Bluetooth/USB/Ipod,.. cùng nhiều tiện ích khác.
Cam kết với khách hàng bằng văn bản khi mua xe tại Tứ Quý:
- Cam kết xe nguyên bản không đâm đụng, ngập nước
- Nhiều chế độ bảo hành và hậu mãi
- Hỗ trợ mọi thủ tục vay vốn, sang tên, lãi suất ưu đãi
Uy tín là sự sống còn của chúng tôi !"
Mazda CX5 2.0 Premium - 2019,679 Triệu,Hà Nội,"Mazda
Loading...",CX5,2019,Xe đã dùng,"51,000 Km",Lắp ráp trong nước,SUV,Số tự động,Xăng  2.0 L,Xanh,Đen,5 chỗ,5 cửa,FWD - Dẫn động cầu trước,"Tứ Quý Auto mới về xe Mazda CX-5 2.0AT Premium 2019 - xanh đen. Xe đăng kí tên tư nhân chính chủ - Max Đẹp - ODO zin 51.000 km!
Xe trang bị gồm: Start/STop, cửa nóc, điều hòa, màn hình, camera lùi, cảm biến, tích hợp điều khiển vô lăng, túi khí, ghế điện, nhớ ghế, cốp điện, phanh tay điện tử, Hub kính, kết nối ngoại vi,..và nhiều tiện ích khác.
Cam kết với khách hàng bằng văn bản khi mua xe tại Tứ Quý:
- Cam kết xe nguyên bản không đâm đụng, ngập nước
- Nhiều chế độ bảo hành và hậu mãi
- Hỗ trợ mọi thủ tục vay vốn, sang tên, lãi suất ưu đãi
UY TÍN LÀ SỰ SỐNG CÒN CỦA CHÚNG TÔI !"
VinFast VF8 Eco AWD - 2023,520 Triệu,Hà Nội,"VinFast
Loading...",VF8,2023,Xe đã dùng,"50,000 Km",Lắp ráp trong nước,SUV,Số tự động,Điện,Xanh,Đen,5 chỗ,5 cửa,AWD - 4 bánh toàn thời gian,"VF8 GF Eco Xanh Pin SDI - Siêu Lướt xe GF
✓ Sản xuất: 2023
✓ Odo: hơn 5 vạnkm
✓ Hỗ trợ thêm 70 triệu nếu đổi xe xăng qua
✓ Giảm chính sách theo xe 50 triệu
– Xe chính hãng, chất như mới - Xuất hoá đơn thẳng tên
Giao ngay - Sẵn xe - Bảo hành 10 năm - Sạc Free"
VinFast VF8 Eco AWD - 2023,565 Triệu,Hà Nội,"VinFast
Loading...",VF8,2023,Xe đã dùng,"35,000 Km",Lắp ráp trong nước,SUV,Số tự động,Điện,Trắng,Đen,5 chỗ,5 cửa,AWD - 4 bánh toàn thời gian,"VF8 GF Eco Đen Pin SDI - Siêu Lướt xe GF
✓ Sản xuất: 2023
✓ Odo: Hơn 3vạn km
✓ Pin SDI – Mua pin
✓ Hỗ trợ thêm 70 triệu nếu đổi xe xăng qua
✓ Giảm chính sách tháng 50 triệu
– Xe chính hãng, chất như mới - Xuất hoá đơn thẳng tên
Giao ngay - Sẵn xe"
VinFast VF8 Eco AWD - 2023,565 Triệu,Hà Nội,"VinFast
Loading...",VF8,2023,Xe đã dùng,"41,000 Km",Lắp ráp trong nước,SUV,Số tự động,Điện,Đen,-,5 chỗ,5 cửa,AWD - 4 bánh toàn thời gian,"VF8 GF Eco Đen Pin SDI - Siêu Lướt xe GF
✓ Sản xuất: 2023
✓ Odo: Hơn 4vạn km
✓ Pin SDI – Mua pin
✓ Hỗ trợ thêm 70 triệu nếu đổi xe xăng qua
✓ Giảm chính sách tháng 50 triệu
– Xe chính hãng, chất như mới - Xuất hoá đơn thẳng tên
Giao ngay - Sẵn xe"
VinFast VF8 Eco AWD - 2023,600 Triệu,Hà Nội,"VinFast
Loading...",VF8,2023,Xe đã dùng,"41,000 Km",Lắp ráp trong nước,SUV,Số tự động,Điện,Đen,Đen,5 chỗ,5 cửa,AWD - 4 bánh toàn thời gian,"VF8 GF Eco Đen Pin CATL - Siêu Lướt xe GF
✓ Sản xuất: 2023
✓ Odo: 4vạn1 km
✓ Pin CATL – Mua pin
✓ Hỗ trợ thêm 70 triệu nếu đổi xe xăng qua
✓ Giảm chính sách theo xe 50 triệu
– Xe chính hãng, chất như mới - Xuất hoá đơn thẳng tên
Giao ngay - Sẵn xe"
Hyundai Palisade Prestige 2.2 AT HTRAC - 2024,1 Tỷ 435 Triệu,Hà Nội,"Hyundai
Loading...",Palisade,2024,Xe đã dùng,"30,000 Km",Lắp ráp trong nước,SUV,Số tự động,Dầu  2.2 L,Trắng,Nâu,6 chỗ,5 cửa,AWD - 4 bánh toàn thời gian,"Hàng Chiến Lược 
**     .        ̂́   
•ODO 30.000KM ( Full Bảo Hành Hãng ) 
-Sơn zin rất nhiều , nội thất ghế da rất mới 
Lốp theo xe cả dàn , sơ cua chưa hạ 
 Xe đã lên rất nhiều đồ tiện ích 
    ̂́   ̂́  ̛ ̛̣  &        ̣  ̛ 
  ̂̃  ̛̣"
Toyota Fortuner 2.7V 4x2 AT - 2014,410 Triệu,Hà Nội,"Toyota
Loading...",Fortuner,2014,Xe đã dùng,0 Km,Lắp ráp trong nước,SUV,Số tự động,Xăng  2.7 L,Bạc,Kem,7 chỗ,5 cửa,RFD - Dẫn động cầu sau,"Fotuno 2014 at xang 
- Xe cam kết không đâm đụng, không ngập nước, bao check hãng toàn quốc.			
- Hỗ trợ sang tên đổi chủ, thủ tục giấy tờ pháp lý rõ ràng.			
- Chế độ bảo hành hậu mãi, chăm sóc xe miễn phí sau khi mua xe			

Liên hệ để biết thêm thông tin xe"
Hyundai Creta Đặc biệt 1.5 AT - 2026,610 Triệu,Hà Nội,"Hyundai
Loading...",Creta,2026,Xe mới,,Lắp ráp trong nước,SUV,Số tự động,Xăng  1.5 L,Trắng,Đen,5 chỗ,5 cửa,FWD - Dẫn động cầu trước,"Hyundai Creta Đặc biệt 1.5 AT
- kHUYẾN MÃI HẤP DẪN
- Xe đủ màu, giao tận nhà
- Hỗ trợ trả góp ngân hàng, lãi suất thấp, thủ tục nhanh gọn
- Liên hệ để biết thêm thông tin khuyến mãi!!!
***
- Kích thước: 4.315 x 1.790 x 1.660 (mm).
- Khoảng sáng gầm xe 200 (mm).
- Động cơ SmartStream G1.5 sản sinh công suất cực đại 115 mã lực tại 6000v/p và đạt momen xoắn cực đại 144Nm tại 4500v/p.
- Đèn chiếu sáng, cụm đèn hậu được sử dụng LED .
- Vành hợp kim 17inch với 2 tone màu.
- Màn hình giải trí 10.25inch.
- Cảm biến áp suất lốp tại 4 bánh xe."
Ford Everest Titanium Plus 2.0L 4x4 AT - 2026,1 Tỷ 438 Triệu,TP HCM,"Ford
Loading...",Everest,2026,Xe mới,,Nhập khẩu,SUV,Số tự động,Dầu  2.0 L,Nâu,Đen,7 chỗ,5 cửa,4WD - Dẫn động 4 bánh,"Ford Everest Titanium 4x4 AT - đã có xe 2026 
- Hỗ trợ giao xe toàn quốc , tận nhà
- Hỗ trợ đăng kí , đăng kiểm toàn quốc
- Hỗ trợ vay lên đến 80% giá trị xe
- Thủ tục đơn giản
———————————————————
Everest Thế hệ Mới được thiết kế dựa trên nền tảng khung gầm rời toàn cầu của Ford. Phần trước của xe được áp dụng công nghệ tạo hình bằng thủy lực giúp cho chiếc xe nhẹ, chắc chắn, và tạo nhiều không gian cho khoang động cơ.

Khả năng vận hành và cảm giác lái được cải thiện trên những đặc tính vốn đã vượt trội của dòng xe Everest như: hệ thống treo độc nhất trong phân khúc, hộp chuyển lực hai cấp số với tính năng gài cầu điện tử."
Mercedes Benz E class E180 - 2021,1 Tỷ 180 Triệu,Hà Nội,"Mercedes Benz
Loading...",E class,2021,Xe đã dùng,"60,000 Km",Lắp ráp trong nước,Sedan,Số tự động,Xăng  1.5 L,Trắng,Nâu,5 chỗ,4 cửa,RFD - Dẫn động cầu sau,"Mới nhất hiện nay E180 sản xuất 2021 1 chủ từ mới, odo 6v km . 
Xe cam kết bằng văn bản chuẩn chỉ không đâm đụng hỏng hóc, không ngập nước , hồ sơ pháp lý minh bạch rõ ràng 
Có hỗ trợ trả góp 70% giá trị xe nhanh gọn. Hoặc đổi các lên đời xe cũ đang sử dụng 
Giá bán có thể thương lượng , liên hệ hoặc nhắn tin cho em. Cảm ơn anh/chị đã xem tin"
Kia Sorento Premium 2.2 AT AWD - 2021,845 Triệu,Gia Lai,"Kia
Loading...",Sorento,2021,Xe đã dùng,"45,000 Km",Lắp ráp trong nước,SUV,Số tự động,Dầu  2.2 L,Đỏ,Kem,7 chỗ,5 cửa,AWD - 4 bánh toàn thời gian,"AUTO DŨNG HƯNG cam kết 5 tiêu chí vàng
- Xe không tại nạn
- Xe không thủy kích
- Xe không đại tu động cơ và hộp số
- Xác định nguồn gốc xuất xứ và năm sản xuất
- Đảm bảo giấy tờ hợp lệ mua bán và sang tên
Địa chỉ: 426 Trường Chinh, Pleiku, Gia Lai"
Mercedes Benz C class C200 Exclusive - 2021,999 Triệu,Bình Dương,"Mercedes Benz
Loading...",C class,2021,Xe đã dùng,"29,000 Km",Lắp ráp trong nước,Sedan,Số tự động,Xăng  2.0 L,Đen,Đen,5 chỗ,4 cửa,RFD - Dẫn động cầu sau,"MERCEDES BENZ C200 EXCLUSIVE SX 2021 
 Odo: 18.000 Miles 
 Option: Đề nổ Star/stop, gương kính gập chỉnh điện, vô lăng mới tích hợp phím điều khiển, cruise control, ghế chỉnh điện, nhớ ghế, nội thất ốp gỗ, màn hình tiếng việt, đèn led nội thất, loa Burmester, 5 chế độ lái, đèn Multibeam Led, rèm che nắng, cốp điện, mâm đa chấu 18in,…"
VinFast VF8 Eco AWD - 2023,520 Triệu,Hà Nội,"VinFast
Loading...",VF8,2023,Xe đã dùng,"50,000 Km",Lắp ráp trong nước,SUV,Số tự động,Điện,Xanh,Đen,5 chỗ,5 cửa,AWD - 4 bánh toàn thời gian,"VF8 GF Eco Xanh Pin SDI - Siêu Lướt xe GF
✓ Sản xuất: 2023
✓ Odo: hơn 5 vạnkm
✓ Hỗ trợ thêm 70 triệu nếu đổi xe xăng qua
✓ Giảm chính sách theo xe 50 triệu
– Xe chính hãng, chất như mới - Xuất hoá đơn thẳng tên
Giao ngay - Sẵn xe - Bảo hành 10 năm - Sạc Free"
VinFast VF8 Plus AWD - 2023,735 Triệu,Hà Nội,"VinFast
Loading...",VF8,2023,Xe đã dùng,"50,000 Km",Lắp ráp trong nước,SUV,Số tự động,Điện,Trắng,Nâu,5 chỗ,5 cửa,AWD - 4 bánh toàn thời gian,"VF8 GF Plus Trắng Pin CATL - Siêu Lướt xe GF
✓ Sản xuất: 2023
✓ Odo: 5vạn km
✓ Pin CATL – Mua pin
✓ Hỗ trợ thêm 70 triệu nếu đổi xe xăng qua
✓ Giảm chính sách tháng 50 triệu
– Xe chính hãng, chất như mới - Xuất hoá đơn thẳng tên
Giao ngay - Sẵn xe"
Mercedes Benz GL 450 4Matic - 2007,290 Triệu,Bà Rịa Vũng Tàu,"Mercedes Benz
Loading...",GL,2007,Xe đã dùng,"130,000 Km",Nhập khẩu,SUV,Số tự động,Xăng  4.7 L,Trắng,Kem,7 chỗ,5 cửa,AWD - 4 bánh toàn thời gian,Gia đình cần bán chiếc GL450 sản xuất 2007 tình trạng xe cực đẹp sân ri còn 70% máy số zin nguyên bản gia đình đi bảo dưỡng cẩn thận anh chị nào thiện chí mua nhanh gọn lẹ có lộc lá bớt hậu hĩnh cho anh em ở xa bao ký rút hồ sơ anh em vui lòng liên hệ xem xe trực tiếp không nhắn tin vì quá bận cảm ơn
Mitsubishi Destinator Premium - 2026,745 Triệu,Hà Nội,"Mitsubishi
Loading...",Destinator,2026,Xe mới,,Nhập khẩu,SUV,Số tự động,Xăng  1.5 L,Đỏ,Đen,7 chỗ,5 cửa,FWD - Dẫn động cầu trước,"– ƯU ĐÃI CỰC SỐC THÁNG NÀY
Giảm giá lên đến 30 triệu đồng
Mitsubishi Destinator Ultimate sản xuất 2026 chỗ chuẩn Suv cho gia đình
- Động cơ mới: 4B40-Turbo 1.5 mivec
- Kích thước: 4.680x1.840x1.780
- Công suất: 163/ Momen 250
- Chiều dài cơ sở: 2.815mm
- Khoảng sáng gầm: 214 /244mm (tháo tấm chắn gầm)
- Kích thước lốp 255/55R18
- Full Adas; 6 túi khí; ghế da ghế chỉnh điện; 8 loa Yamaha, màn 12inch, bàn làm việc gấp gọn…
- 5 chế độ lái: NORMAL; WET; GRAVEL; TARMAC; MUD
Đặc biệt chế độ lái Tarmac: chân ga phản hồi nhanh nhạy, vô lăng trở nên đầm chắc, hệ thống kiểm soát lực kéo kg làm cản trở khả năng tăng tốc. Cho cảm giác lái phấn khích, khả năng lái thú vị của 1 chiếc SUV mạnh mẽ.
Trái tim của chiếc xe: Nói về động cơ
4B40-1.5L.Turbo - DOHC16Valve (Kim Phun kép và Làm mát khí nạp bằng nước)
+ Làm mát khí nạp bằng nước: chiều dài, thể tích ống nạp ngắn > phản hồi nhanh nhạy hơn, tăng tốc tốt hơn ở vòng tua mát thấp
- Kim phun kép: + phun trực tiếp ở tốc độ TB và cao > tăng tốc nhanh, + Phun trên ống nạp ở dải tốc độ thấp và trung bình > tiết kiệm. Êm ái êm mượt.

Liên hệ để được tư vấn và nhận giá ưu đãi tốt nhất tháng!"
Mercedes Benz E class E200 - 2017,835 Triệu,Hà Nội,"Mercedes Benz
Loading...",E class,2017,Xe đã dùng,"125,689 Km",Lắp ráp trong nước,Sedan,Số tự động,Xăng  2.0 L,Đen,Đen,5 chỗ,4 cửa,RFD - Dẫn động cầu sau,"Mercedes-Benz E200 Sản xuất 2017 lăn bánh 2018
- Màu: Đen- nội thất đen
- Xe chạy 5,2 van km. Xe được bảo dưỡng đầy đủ chính hãng chất lượng tuyệt đối. Nội thất cũng như ngoại thất xe còn khá mới. Đồng cơ - hộp số hoạt động mượt mà, êm ái. Tất cả cả hệ thống, tính năng trên xe đều hoạt động tốt…
- Trang bị động cơ 2.0L I4, công suất ~184 mã lực và mô-men xoắn 300 Nm, cho khả năng tăng tốc 0–100 km/h khá nhanh (~7,7–7,9 giây).
• Hộp số tự động 9 cấp 9G-TRONIC giúp sang số êm ái, phản hồi mượt mà khi vào ga.
• Cân bằng tốt giữa hiệu suất và tiết kiệm nhiên liệu (khoảng trung bình ~5.9–6.3 lít/100km).
Chất xe bao đẹp, máy số, khung gầm, keo chỉ zin
- Bao check test, cam kết chất lượng bằng văn bản
- Hỗ trợ bank tới 70% giá trị xe
* Vạn Phát Auto cam kết chất lượng xe chuẩn, không đâm đụng tai nạn, không ngập nước, máy móc động cơ khung gầm nguyên bản, pháp lý rõ ràng: không tranh chấp, không có phạt nguội…
* Vạn Phát Auto nhận trao đổi, mua bán các dòng xe đã qua sử dụng"
VinFast VF8 Plus AWD - 2025,1 Tỷ 24 Triệu,TP HCM,"VinFast
Loading...",VF8,2025,Xe mới,,Lắp ráp trong nước,SUV,Số tự động,Điện,Xám,Đen,5 chỗ,5 cửa,AWD - 4 bánh toàn thời gian,"VINFAST VF8 PLUS HỎA LONG – BỨT PHÁ MỌI GIỚI HẠN! 
(đã áp dụng ctrinh xăng đổi điện)

THIẾT KẾ & CÔNG NGHỆ ĐỈNH CAO

- Thiết kế Hỏa Long mới – Mạnh mẽ, sang trọng, đẳng cấp.
- Pin nâng cấp – Đi xa hơn, sạc nhanh hơn, tối ưu hiệu suất.
- Hệ thống treo cải tiến – Lái êm ái, giảm xóc mượt mà trên mọi địa hình.
- Công nghệ AI thông minh – Hỗ trợ lái xe, cá nhân hóa trải nghiệm.

HỖ TRỢ TÀI CHÍNH – NHẬN XE CHỈ VỚI 150 TRIỆU!
✓ Trả trước chỉ 150 triệu – Nhận xe ngay!
✓ Vay đến 85% giá trị xe – Không cần chứng minh thu nhập.
✓ Thời hạn vay lên đến 8 năm – Trả góp nhẹ nhàng.
✓ Lãi suất ưu đãi chỉ 7.9%/năm.
✓ Duyệt hồ sơ trong 15p– Nhận xe nhanh chóng!

ƯU ĐÃI ĐỘC QUYỀN CHO KHÁCH HÀNG VF8 HỎA LONG

- Miễn 100% phí trước bạ – Tiết kiệm hàng trăm triệu.
- Miễn phí sạc đến 01/07/2027 – Vận hành không tốn chi phí!
- Bảo hành chính hãng 10 năm hoặc 200.000 km.
- Cứu hộ miễn phí 24/7 trên toàn quốc.

ĐẶC QUYỀN VINFAST – LỢI ÍCH KHÔNG THỂ BỎ LỠ!
Thu cũ đổi mới – Hỗ trợ đến 70 triệu đồng.
Ưu tiên đỗ xe & gửi xe miễn phí trong hệ sinh thái Vingroup.

⏳ CƠ HỘI CÓ HẠN – ĐẶT XE NGAY ĐỂ NHẬN ƯU ĐÃI!"
Mazda 3 1.5L Luxury - 2022,550 Triệu,Hà Nội,"Mazda
Loading...",3,2022,Xe đã dùng,"56,565 Km",Lắp ráp trong nước,Sedan,Số tự động,Xăng  1.5 L,Trắng,Đen,5 chỗ,4 cửa,FWD - Dẫn động cầu trước,"Liên tục cập nhật các siêu phẩm đang hot ở trên thị trường phục vụ quý anh chị còn đang tham khảo
 #Mazda3_Luxury_2022
Odo 5v zin đẹp xuất sắc không lỗi lầm
Dàn lốp mới đập hộp , đăng kiểm dài
Keo chỉ zin , kính zin , kilomet zin
Hỗ trợ trả trước tối đa
Bao check hãng hoặc gara quen biết
Quý anh chị đang có nhu cầu cần tư vấn liên hệ
Xem xe tại Long Biên HN Ae có khách kết nối cùng em"
Ford Ranger Raptor 2.0L 4x4 AT - 2024,1 Tỷ 195 Triệu,TP HCM,"Ford
Loading...",Ranger,2024,Xe đã dùng,"14,700 Km",Nhập khẩu,Bán tải / Pickup,Số tự động,Dầu  2.0 L,Trắng,Đen,5 chỗ,4 cửa,4WD - Dẫn động 4 bánh,"FORD Raptor NextGen 4x4 - SX 2024
- Odo: 14.700km (chuẩn odo)
- Đi Siêu lướt. 
- Đã kiểm tra 167 điểm đâm đụng ngập nước có xác nhận của hãng.

- Giá: (có thương lượng thêm)"
Lexus IS 250 F Sport - 2010,599 Triệu,Hà Nội,"Lexus
Loading...",IS,2010,Xe đã dùng,"80,000 Km",Nhập khẩu,Sedan,Số tự động,Xăng  2.5 L,Trắng,Kem,5 chỗ,4 cửa,RFD - Dẫn động cầu sau,"Lesux IS Fsport sản xuất 2010 . Odo 5vạn miles xe còn cực mới ,…

Xe cam kết không đâm đụng, ngập nước"
Honda HRV L - 2026,700 Triệu,Hà Nội,"Honda
Loading...",HRV,2026,Xe mới,,Nhập khẩu,Crossover,Số tự động,Xăng  1.5 L,Trắng,-,5 chỗ,5 cửa,FWD - Dẫn động cầu trước,"Honda HR-V L ✓️ Động cơ 1.5 i-VTEC đạt 119 mã lực, tiết kiệm nhiên liệu. ✓️ Nhập Thái Lan 100%, chất lượng vượt trội Trang bị sẵn ghế da chỉnh điện Cảm biến lùi Gập gương tự động Apple Carplay không dây 8 loa cao cấp Camera làn đường Lane Watch Cốp chỉnh điện có đá cốp 6 túi khí Honda connect Gương chiếu hậu chống chói Trang bị Hệ thống Hỗ trợ Lái xe An Toàn 6 tính năng: • Hệ thống phanh giảm thiểu va chạm (CMBS) • Hệ thống đèn pha thích ứng tự động (AHB) • Hệ thống kiểm soát hành trình thích ứng bao gồm dải tốc độ thấp (ACC with LSF) • Hệ thống giảm thiểu chệch làn đường (RDM) • Hệ thống hỗ trợ giữ làn đường (LKAS) • Hệ thống thông báo xe phía trước khởi hành (LCDN) Để được tư vấn về xe và mua xe với giá tốt nhất anh chị hãy gọi ngay Hotline"
